path;article;source;reason
Біти та бітотримачі;05057434001;;Родительский раздел: Bit-Check 30 Metal — классический набор Wera, показывает и биты разных профилей, и битодержатель
Біти та бітотримачі/Біти;05056510001;;Родительский раздел: одиночная бита PH2x25 — самый ходовой профиль
Біти та бітотримачі/Біти/Біти багатозубцеві;05066160001;;Одиночная многозубцовая бита M6 — средний типоразмер раздела
Біти та бітотримачі/Біти/Біти для гвинтів зі шліцем;05072061001;;Одиночная шлицевая бита SL6,5x25 — средний размер, короткая бита хорошо видна
Біти та бітотримачі/Біти/Біти для гвинтів із внутрішнім квадратом;05060147001;;Авто-подбор, проверен визуально: штучный инструмент — средний типоразмер/вариант раздела
Біти та бітотримачі/Біти/Біти для гвинтів із внутрішнім шестигранником;05160885001;;Авто-подбор, проверен визуально: штучный инструмент — средний типоразмер/вариант раздела
Біти та бітотримачі/Біти/Біти для гвинтів із внутрішнім шестигранником BO;05056346001;;Авто-подбор, проверен визуально: штучный инструмент — средний типоразмер/вариант раздела
Біти та бітотримачі/Біти/Біти для гвинтів Microstix®;05066853001;;Авто-подбор, проверен визуально: штучный инструмент — средний типоразмер/вариант раздела
Біти та бітотримачі/Біти/Біти для гвинтів TORQ-SET®;05066690001;;Авто-подбор, проверен визуально: набор (штучных товаров в разделе нет)
Біти та бітотримачі/Біти/Біти для гвинтів TORX PLUS®;05134681001;;Авто-подбор, проверен визуально: штучный инструмент — средний типоразмер/вариант раздела
Біти та бітотримачі/Біти/Біти для гвинтів TORX PLUS® IPR;05160821001;;Авто-подбор, проверен визуально: штучный инструмент — средний типоразмер/вариант раздела
Біти та бітотримачі/Біти/Біти для гвинтів TORX®;05066488001;;"Одиночная бита TX25x25 — ходовой размер; короткая бита лучше читается в квадрате, чем длинная"
Біти та бітотримачі/Біти/Біти для гвинтів TORX® BO;05066515001;;Одиночная бита TORX BO TX25x25 — ходовой размер, короткая бита хорошо видна
Біти та бітотримачі/Біти/Насадки для гвинтів PlusMinus (Phillips + шліц та Pozidriv + шліц);05059721001;;Авто-подбор, проверен визуально: штучный инструмент — средний типоразмер/вариант раздела
Біти та бітотримачі/Біти/Насадки для гвинтів TRI-WING®;05066766001;;Авто-подбор, проверен визуально: штучный инструмент — средний типоразмер/вариант раздела
Біти та бітотримачі/Біти/Натяжні біти;05057153001;;Авто-подбор, проверен визуально: штучный инструмент — средний типоразмер/вариант раздела
Біти та бітотримачі/Біти/Торцеві головки;05060411001;;Авто-подбор, проверен визуально: штучный инструмент — средний типоразмер/вариант раздела
Біти та бітотримачі/Біти/Хрестові біти Phillips;05059540001;;Авто-подбор, проверен визуально: штучный инструмент — средний типоразмер/вариант раздела
Біти та бітотримачі/Біти/Хрестові біти Pozidriv;05135017001;;Авто-подбор, проверен визуально: штучный инструмент — средний типоразмер/вариант раздела
Біти та бітотримачі/Бітотримачі;05052502001;;Битодержатель Rapidaptor 889/4/1 K — самый узнаваемый держатель Wera (зелёное кольцо), компактный, хорошо смотрится в квадрате
Біти та бітотримачі/Набори з бітами;05056474001;;Родительский раздел: Bit-Check 6 Universal 1 — классический набор бит Bit-Check
Біти та бітотримачі/Набори з бітами/Набори біт з алмазним покриттям Bit-Check Diamond;05057416001;;Авто-подбор, проверен визуально: набор — раздел про наборы
Біти та бітотримачі/Набори з бітами/Набори біт із нержавіючої сталі Bit-Check Stainless;05071109001;;Авто-подбор, проверен визуально: набор — раздел про наборы
Біти та бітотримачі/Набори з бітами/Набори для спеціальних робіт;05104654001;;Авто-подбор, проверен визуально: набор — раздел про наборы
Біти та бітотримачі/Набори з бітами/Набори торсійних біт Bit-Check та Bit-Safe BiTorsion;05056374001;;Авто-подбор, проверен визуально: набор — раздел про наборы
Біти та бітотримачі/Набори з бітами/Набори ударних біт Bit-Check Impaktor;05057417001;;Авто-подбор, проверен визуально: набор — раздел про наборы
Біти та бітотримачі/Набори з бітами/Набори універсальних біт Bit-Check та Bit-Safe Universal;05056158001;;Авто-подбор, проверен визуально: набор — раздел про наборы
Біти та бітотримачі/Перехідники та адаптери;05042755001;;Авто-подбор, проверен визуально: штучный инструмент — средний типоразмер/вариант раздела
Біти та бітотримачі/Свердла та мітчики;05104620001;;"Родительский раздел: спиральное сверло-насадка с хвостовиком 1/4"" 8 мм — типичный представитель"
Біти та бітотримачі/Свердла та мітчики/Комбінований мітчик;05104642001;;Авто-подбор, проверен визуально: штучный инструмент — средний типоразмер/вариант раздела
Біти та бітотримачі/Свердла та мітчики/Насадка — одноканавковий конічний зенкер;05104662001;;Авто-подбор, проверен визуально: штучный инструмент — средний типоразмер/вариант раздела
Біти та бітотримачі/Свердла та мітчики/Насадка — однопрохідний мітчик;05104668001;;Авто-подбор, проверен визуально: штучный инструмент — средний типоразмер/вариант раздела
Біти та бітотримачі/Свердла та мітчики/Насадка-східчасте свердло;05104672001;;Авто-подбор, проверен визуально: штучный инструмент — средний типоразмер/вариант раздела
Біти та бітотримачі/Свердла та мітчики/Насадки — конічні зенкери з 3 канавками;05104632001;;Авто-подбор, проверен визуально: штучный инструмент — средний типоразмер/вариант раздела
Біти та бітотримачі/Свердла та мітчики/Спіральне свердло-насадка;05104616001;;Авто-подбор, проверен визуально: штучный инструмент — средний типоразмер/вариант раздела
Біти та бітотримачі/Свердла та мітчики/Спіральні свердла по дереву;05104602001;;Авто-подбор, проверен визуально: штучный инструмент — средний типоразмер/вариант раздела
Викрутки;05105622001;;Родительский раздел: набор Kraftform Plus Lasertip на подставке — классические отвёртки Wera серии 300, видно несколько профилей
Викрутки/Викрутки для електронників, серія Kraftform Micro;05030181001;;Родительский раздел: набор отвёрток Kraftform Micro на подставке
Викрутки/Викрутки для електронників, серія Kraftform Micro/Викрутки TORX® для електронників, Kraftform Micro;05118050001;;Авто-подбор, проверен визуально: штучный инструмент — средний типоразмер/вариант раздела
Викрутки/Викрутки для електронників, серія Kraftform Micro/Набори викруток для електронників, серія Kraftform Micro;05118156001;;Авто-подбор, проверен визуально: набор — раздел про наборы
Викрутки/Викрутки для електронників, серія Kraftform Micro/Спеціальні викрутки для електронників, Kraftform Micro;05118145001;;Авто-подбор, проверен визуально: штучный инструмент — средний типоразмер/вариант раздела
Викрутки/Викрутки для електронників, серія Kraftform Micro/Торцеві викрутки для гвинтів із зовнішнім шестигранником для електронників, Kraftform Micro;05118126001;;Авто-подбор, проверен визуально: штучный инструмент — средний типоразмер/вариант раздела
Викрутки/Викрутки для електронників, серія Kraftform Micro/Хрестові викрутки для електронників, Kraftform Micro;05118022001;;Авто-подбор, проверен визуально: штучный инструмент — средний типоразмер/вариант раздела
Викрутки/Викрутки для електронників, серія Kraftform Micro/Шестигранні викрутки для електронників, Kraftform Micro;05345284001;;Авто-подбор, проверен визуально: штучный инструмент — средний типоразмер/вариант раздела
Викрутки/Викрутки для електронників, серія Kraftform Micro/Шліцеві викрутки для електронників, Kraftform Micro;05118006001;;Авто-подбор, проверен визуально: штучный инструмент — средний типоразмер/вариант раздела
Викрутки/Поперечна ручка - серія 400;05023452001;;Родительский раздел: набор TORX-отвёрток с поперечной ручкой на подставках (дочерний «Набори» — шестигранные)
Викрутки/Поперечна ручка - серія 400/Викрутки TORX® з поперечною ручкою;05023375001;;Авто-подбор, проверен визуально: штучный инструмент — средний типоразмер/вариант раздела
Викрутки/Поперечна ручка - серія 400/Набори викруток з поперечною ручкою;05023453001;;Классический набор шестигранных отвёрток с поперечной ручкой 454/7 HF на подставке (авто-выбор давал велосипедный набор)
Викрутки/Поперечна ручка - серія 400/Поперечна ручка-тримач із патроном Rapidaptor;05023404001;;Авто-подбор, проверен визуально: штучный инструмент — средний типоразмер/вариант раздела
Викрутки/Поперечна ручка - серія 400/Торцеві викрутки з поперечною ручкою;05013400001;;Авто-подбор, проверен визуально: штучный инструмент — средний типоразмер/вариант раздела
Викрутки/Поперечна ручка - серія 400/Шестигранні викрутки з поперечною ручкою;05023344001;;Авто-подбор, проверен визуально: штучный инструмент — средний типоразмер/вариант раздела
Викрутки/Поперечна ручка - серія 400/Шестигранні дюймові викрутки з поперечною ручкою;05023361001;;Авто-подбор, проверен визуально: штучный инструмент — средний типоразмер/вариант раздела
Викрутки/Приладдя;05033404001;;Авто-подбор, проверен визуально: штучный инструмент — средний типоразмер/вариант раздела
Викрутки/Серія ESD — електростатично безпечний інструмент;05134019001;;Родительский раздел: ESD Big Pack — много отвёрток ESD в раскрытом кейсе (дочерний «Набори» — подставка)
Викрутки/Серія ESD — електростатично безпечний інструмент/Викрутки TORX® для електронників з електростатичним захистом, Kraftform Micro ESD;05030401001;;Авто-подбор, проверен визуально: штучный инструмент — средний типоразмер/вариант раздела
Викрутки/Серія ESD — електростатично безпечний інструмент/Викрутки TORX® BO з цапфою для електронників з електростатичним захистом, Kraftform Micro ESD;05030113001;;Авто-подбор, проверен визуально: штучный инструмент — средний типоразмер/вариант раздела
Викрутки/Серія ESD — електростатично безпечний інструмент/Набори з електростатичним захистом ESD;05030170001;;Авто-подбор, проверен визуально: набор — раздел про наборы
Викрутки/Серія ESD — електростатично безпечний інструмент/Ручки-тримачі з електростатичним захистом ESD;05328463001;;Авто-подбор, проверен визуально: штучный инструмент — средний типоразмер/вариант раздела
Викрутки/Серія ESD — електростатично безпечний інструмент/Спеціальні викрутки для електронників з електростатичним захистом, Kraftform Micro ESD;05030083001;;Авто-подбор, проверен визуально: штучный инструмент — средний типоразмер/вариант раздела
Викрутки/Серія ESD — електростатично безпечний інструмент/Торцеві викрутки для гвинтів із зовнішнім шестигранником для електронників з електростатичним захистом, Kraftform Micro ESD;05030415001;;Авто-подбор, проверен визуально: штучный инструмент — средний типоразмер/вариант раздела
Викрутки/Серія ESD — електростатично безпечний інструмент/Хрестові викрутки для електронників з електростатичним захистом, Kraftform Micro ESD;05030119001;;Авто-подбор, проверен визуально: штучный инструмент — средний типоразмер/вариант раздела
Викрутки/Серія ESD — електростатично безпечний інструмент/Шліцеві викрутки для електронників з електростатичним захистом, Kraftform Micro ESD;05030103001;;Авто-подбор, проверен визуально: штучный инструмент — средний типоразмер/вариант раздела
Викрутки/Kraftform викрутки нержавіюча сталь;05032063001;;Родительский раздел: набор отвёрток из нержавеющей стали на подставке (SL, PH, PZ)
Викрутки/Kraftform викрутки нержавіюча сталь/Викрутки для гвинтів із внутрішнім квадратом, нержавіюча сталь;05032071001;;Авто-подбор, проверен визуально: штучный инструмент — средний типоразмер/вариант раздела
Викрутки/Kraftform викрутки нержавіюча сталь/Викрутки TORX®, нержавіюча сталь;05032054001;;Авто-подбор, проверен визуально: штучный инструмент — средний типоразмер/вариант раздела
Викрутки/Kraftform викрутки нержавіюча сталь/Набори викруток із нержавіючої сталі;05032061001;;Авто-подбор, проверен визуально: набор — раздел про наборы
Викрутки/Kraftform викрутки нержавіюча сталь/Хрестові викрутки PH Philips, нержавіюча сталь;05032022001;;Авто-подбор, проверен визуально: штучный инструмент — средний типоразмер/вариант раздела
Викрутки/Kraftform викрутки нержавіюча сталь/Хрестові викрутки PZ Pozidriv, нержавіюча сталь;05032032001;;Авто-подбор, проверен визуально: штучный инструмент — средний типоразмер/вариант раздела
Викрутки/Kraftform викрутки нержавіюча сталь/Шліцеві викрутки, нержавіюча сталь;05032004001;;Авто-подбор, проверен визуально: штучный инструмент — средний типоразмер/вариант раздела
Викрутки/Kraftform Ball-Grip – серія 1800;05007908001;;Авто-подбор, проверен визуально: штучный инструмент — средний типоразмер/вариант раздела
Викрутки/Kraftform Plus – серія 300;05347778001;;"Родительский раздел: набор Kraftform Plus серии 300 на подставке (SL, PH, квадрат); отличается от картинок «Викрутки» и «Набори»"
Викрутки/Kraftform Plus – серія 300/Викрутки для гвинтів із внутрішнім квадратом Kraftform Plus – серія 300;05117689001;;Авто-подбор, проверен визуально: штучный инструмент — средний типоразмер/вариант раздела
Викрутки/Kraftform Plus – серія 300/Викрутки TORX® Kraftform Plus – серія 300;05028071001;;Авто-подбор, проверен визуально: штучный инструмент — средний типоразмер/вариант раздела
Викрутки/Kraftform Plus – серія 300/Короткі викрутки для карбюратора;05008851001;;Авто-подбор, проверен визуально: штучный инструмент — средний типоразмер/вариант раздела
Викрутки/Kraftform Plus – серія 300/Набори викруток Kraftform Plus – серія 300;05105656001;;Авто-подбор, проверен визуально: набор — раздел про наборы
Викрутки/Kraftform Plus – серія 300/Торцеві викрутки для гвинтів із зовнішнім шестигранником Kraftform Plus – серія 300;05029460001;;Авто-подбор, проверен визуально: штучный инструмент — средний типоразмер/вариант раздела
Викрутки/Kraftform Plus – серія 300/Хрестові викрутки PH Philips із шестигранним стрижнем, Kraftform Plus – серія 300;05008751001;;Авто-подбор, проверен визуально: штучный инструмент — средний типоразмер/вариант раздела
Викрутки/Kraftform Plus – серія 300/Хрестові викрутки PH Philips, Kraftform Plus – серія 300;05008720001;;Авто-подбор, проверен визуально: штучный инструмент — средний типоразмер/вариант раздела
Викрутки/Kraftform Plus – серія 300/Хрестові викрутки PZ Pozidriv із шестигранним стрижнем, Kraftform Plus – серія 300;05009341001;;Авто-подбор, проверен визуально: штучный инструмент — средний типоразмер/вариант раздела
Викрутки/Kraftform Plus – серія 300/Хрестові викрутки PZ Pozidriv, Kraftform Plus – серія 300;05009317001;;Авто-подбор, проверен визуально: штучный инструмент — средний типоразмер/вариант раздела
Викрутки/Kraftform Plus – серія 300/Шестигранні викрутки, Kraftform Plus – серія 300;05022805001;;Авто-подбор, проверен визуально: штучный инструмент — средний типоразмер/вариант раздела
Викрутки/Kraftform Plus – серія 300/Шліцеві викрутки Kraftform Plus із шестигранним стрижнем – серія 300;05007673001;;Авто-подбор, проверен визуально: штучный инструмент — средний типоразмер/вариант раздела
Викрутки/Kraftform Plus – серія 300/Шліцеві викрутки Kraftform Plus – серія 300;05110007001;;Авто-подбор, проверен визуально: штучный инструмент — средний типоразмер/вариант раздела
Викрутки/Kraftform Plus – серія 900, ударні викрутки;05018282001;;Родительский раздел: набор ударных отвёрток Kraftform 900 на подставке
Викрутки/Kraftform Plus – серія 900, ударні викрутки/Набори ударних викруток;05024410001;;Авто-подбор, проверен визуально: набор — раздел про наборы
Викрутки/Kraftform Plus – серія 900, ударні викрутки/Ударні викрутки TORX®;05024403001;;Авто-подбор, проверен визуально: штучный инструмент — средний типоразмер/вариант раздела
Викрутки/Kraftform Plus – серія 900, ударні викрутки/Хрестові ударні викрутки PH Philips;05017010001;;Одиночная ударная отвёртка PH2x100 — ходовой размер (авто-выбор давал длинную PH4x200)
Викрутки/Kraftform Plus – серія 900, ударні викрутки/Хрестові ударні викрутки PZ Pozidriv;05017054001;;Авто-подбор, проверен визуально: штучный инструмент — средний типоразмер/вариант раздела
Викрутки/Kraftform Plus – серія 900, ударні викрутки/Шліцеві ударні викрутки;05018270001;;Авто-подбор, проверен визуально: штучный инструмент — средний типоразмер/вариант раздела
Гайкові ключі Joker;05020014001;;Родительский раздел: ряд ключей Joker 6000 с трещоткой на магнитном держателе — узнаваемо
Гайкові ключі Joker/Двосторонній ріжковий ключ Joker;05020263001;;Авто-подбор, проверен визуально: штучный инструмент — средний типоразмер/вариант раздела
Гайкові ключі Joker/Комбінований гайковий ключ з реверсною тріскачкою Joker Switch;05020069001;;Авто-подбор, проверен визуально: штучный инструмент — средний типоразмер/вариант раздела
Гайкові ключі Joker/Комбінований гайковий ключ з реверсною тріскачкою Joker Switch, дюймовий;05020079001;;Авто-подбор, проверен визуально: штучный инструмент — средний типоразмер/вариант раздела
Гайкові ключі Joker/Комбінований гайковий ключ з тріскачкою Joker;05020350001;;Авто-подбор, проверен визуально: штучный инструмент — средний типоразмер/вариант раздела
Гайкові ключі Joker/Комбінований гайковий ключ з тріскачкою, дюймовий, Joker;05020361001;;Авто-подбор, проверен визуально: штучный инструмент — средний типоразмер/вариант раздела
Гайкові ключі Joker/Комбінований гайковий ключ Joker;05020190001;;Авто-подбор, проверен визуально: штучный инструмент — средний типоразмер/вариант раздела
Гайкові ключі Joker/Комбінований гайковий ключ Joker, дюймовий;05020214001;;Авто-подбор, проверен визуально: штучный инструмент — средний типоразмер/вариант раздела
Гайкові ключі Joker/Набори гайкових ключів Joker;05020230001;;Авто-подбор, проверен визуально: набор — раздел про наборы
Гайкові ключі Joker/Ріжковий ключ із самоналаштуванням Joker;05020101001;;Авто-подбор, проверен визуально: штучный инструмент — средний типоразмер/вариант раздела
Г-подібні ключі;05022089001;;Родительский раздел: набор Hex-Plus Multicolour 950/9 — самый узнаваемый набор Г-ключей Wera
Г-подібні ключі/Г-подібні ключі TORX поштучно;05024486001;;Родительский раздел: одиночный ключ TORX Multicolour TX25 — ходовой размер
Г-подібні ключі/Г-подібні ключі TORX поштучно/Г-подібні ключі TORX® з кульковою головкою;05024202001;;Авто-подбор, проверен визуально: штучный инструмент — средний типоразмер/вариант раздела
Г-подібні ключі/Г-подібні ключі TORX поштучно/Г-подібні ключі TORX® BlackLaser;05024008001;;Авто-подбор, проверен визуально: штучный инструмент — средний типоразмер/вариант раздела
Г-подібні ключі/Г-подібні ключі TORX поштучно/Г-подібні ключі TORX® BO Multicolour, BlackLaser;05024354001;;Авто-подбор, проверен визуально: штучный инструмент — средний типоразмер/вариант раздела
Г-подібні ключі/Г-подібні ключі TORX поштучно/Г-подібні ключі TORX® HF з фіксуючою функцією, BlackLaser;05024164001;;Авто-подбор, проверен визуально: штучный инструмент — средний типоразмер/вариант раздела
Г-подібні ключі/Г-подібні ключі TORX поштучно/Г-подібні ключі TORX® HF Multicolour з фіксуючою функцією;05024174001;;Авто-подбор, проверен визуально: штучный инструмент — средний типоразмер/вариант раздела
Г-подібні ключі/Г-подібні ключі TORX поштучно/Г-подібні ключі TORX® HF Multicolour з фіксуючою функцією, подовжені;05024475001;;Авто-подбор, проверен визуально: штучный инструмент — средний типоразмер/вариант раздела
Г-подібні ключі/Г-подібні ключі TORX поштучно/Г-подібні ключі TORX® HF XL з фіксуючою функцією, подовжені;05024455001;;Авто-подбор, проверен визуально: штучный инструмент — средний типоразмер/вариант раздела
Г-подібні ключі/Г-подібні ключі TORX поштучно/Г-подібні ключі TORX® Multicolour, подовжені;05024488001;;Авто-подбор, проверен визуально: штучный инструмент — средний типоразмер/вариант раздела
Г-подібні ключі/Г-подібні ключі TORX поштучно/Г-подібні ключі TORX®, подовжені;05024462001;;Авто-подбор, проверен визуально: штучный инструмент — средний типоразмер/вариант раздела
Г-подібні ключі/Г-подібні ключі TORX поштучно/Г-подібні ключі TORX®, подовжені, з кульковою головкою;05024466001;;Авто-подбор, проверен визуально: штучный инструмент — средний типоразмер/вариант раздела
Г-подібні ключі/Набори Г-подібних ключів TORX;05024335001;;Авто-подбор, проверен визуально: набор — раздел про наборы
Г-подібні ключі/Набори шестигранних Г-подібних ключів;05022087001;;Авто-подбор, проверен визуально: набор — раздел про наборы
Г-подібні ключі/Шестигранні дюймові Г-подібні ключі поштучно;05022635001;;"Родительский раздел: одиночный дюймовый ключ Multicolour 7/32"""
Г-подібні ключі/Шестигранні дюймові Г-подібні ключі поштучно/Г-подібний ключ Multicolour, дюймовий;05022634001;;Авто-подбор, проверен визуально: штучный инструмент — средний типоразмер/вариант раздела
Г-подібні ключі/Шестигранні дюймові Г-подібні ключі поштучно/Г-подібний ключ Multicolour, дюймовий, короткий;05022655001;;Авто-подбор, проверен визуально: штучный инструмент — средний типоразмер/вариант раздела
Г-подібні ключі/Шестигранні дюймові Г-подібні ключі поштучно/Г-подібний ключ, дюймовий, нержавіюча сталь;05022714001;;Авто-подбор, проверен визуально: штучный инструмент — средний типоразмер/вариант раздела
Г-подібні ключі/Шестигранні дюймові Г-подібні ключі поштучно/Г-подібний ключ, дюймовий, BlackLaser;05022073001;;Авто-подбор, проверен визуально: штучный инструмент — средний типоразмер/вариант раздела
Г-подібні ключі/Шестигранні метричні Г-подібні ключі поштучно;05022612001;;Родительский раздел: одиночный метрический ключ Multicolour 6 мм
Г-подібні ключі/Шестигранні метричні Г-подібні ключі поштучно/Г-подібний ключ з кульковою головкою, метричний, хромований;05022060001;;Авто-подбор, проверен визуально: штучный инструмент — средний типоразмер/вариант раздела
Г-подібні ключі/Шестигранні метричні Г-подібні ключі поштучно/Г-подібний ключ з кульковою головкою, метричний, BlackLaser;05027106001;;Авто-подбор, проверен визуально: штучный инструмент — средний типоразмер/вариант раздела
Г-подібні ключі/Шестигранні метричні Г-подібні ключі поштучно/Г-подібний ключ Multicolour, метричний;05022608001;;Авто-подбор, проверен визуально: штучный инструмент — средний типоразмер/вариант раздела
Г-подібні ключі/Шестигранні метричні Г-подібні ключі поштучно/Г-подібний ключ Multicolour, метричний, з фіксуючою функцією;05022202001;;Авто-подбор, проверен визуально: штучный инструмент — средний типоразмер/вариант раздела
Г-подібні ключі/Шестигранні метричні Г-подібні ключі поштучно/Г-подібний ключ Multicolour, метричний, короткий;05022673001;;Авто-подбор, проверен визуально: штучный инструмент — средний типоразмер/вариант раздела
Г-подібні ключі/Шестигранні метричні Г-подібні ключі поштучно/Г-подібний ключ Multicolour, метричний, нержавіюча сталь;05022664001;;Авто-подбор, проверен визуально: штучный инструмент — средний типоразмер/вариант раздела
Г-подібні ключі/Шестигранні метричні Г-подібні ключі поштучно/Г-подібний ключ, метричний, нержавіюча сталь;05022704001;;Авто-подбор, проверен визуально: штучный инструмент — средний типоразмер/вариант раздела
Г-подібні ключі/Шестигранні метричні Г-подібні ключі поштучно/Г-подібний ключ, метричний, нержавіюча сталь, з фіксуючою функцією 3950 SPKL Multicolour HF;05022695001;;Авто-подбор, проверен визуально: штучный инструмент — средний типоразмер/вариант раздела
Г-подібні ключі/Шестигранні метричні Г-подібні ключі поштучно/Г-подібний ключ, метричний, хромований;05021625001;;Авто-подбор, проверен визуально: штучный инструмент — средний типоразмер/вариант раздела
Г-подібні ключі/Шестигранні метричні Г-подібні ключі поштучно/Г-подібний ключ, метричний, хромований, екстракороткий;05022044001;;Авто-подбор, проверен визуально: штучный инструмент — средний типоразмер/вариант раздела
Г-подібні ключі/Шестигранні метричні Г-подібні ключі поштучно/Г-подібний ключ, метричний, хромований, з фіксуючою функцією;05022122001;;Авто-подбор, проверен визуально: штучный инструмент — средний типоразмер/вариант раздела
Г-подібні ключі/Шестигранні метричні Г-подібні ключі поштучно/Г-подібний ключ, метричний, хромований, короткий;05021025001;;Авто-подбор, проверен визуально: штучный инструмент — средний типоразмер/вариант раздела
Г-подібні ключі/Шестигранні метричні Г-подібні ключі поштучно/Г-подібний ключ, метричний, BlackLaser, короткий;05027208001;;Авто-подбор, проверен визуально: штучный инструмент — средний типоразмер/вариант раздела
Динамометричний інструмент;05075621001;;"Родительский раздел: динамометрический ключ Click-Torque C 2 1/2"" — классика группы"
Динамометричний інструмент/Динамометричний ключ Safe-Torque з функцією відключення;05075800001;;Авто-подбор, проверен визуально: штучный инструмент — средний типоразмер/вариант раздела
Динамометричний інструмент/Динамометричні викрутки зі встановленим моментом затягування;05074716001;;Родительский раздел: динамометрическая отвёртка с фиксированным моментом 1,2 Нм
Динамометричний інструмент/Динамометричні викрутки зі встановленим моментом затягування/Динамометричні викрутки зі встановленим моментом затягування в дюйм фунт-сила;05074722001;;Авто-подбор, проверен визуально: штучный инструмент — средний типоразмер/вариант раздела
Динамометричний інструмент/Динамометричні викрутки зі встановленим моментом затягування/Динамометричні викрутки зі встановленим моментом затягування в Нм;05074717001;;Авто-подбор, проверен визуально: штучный инструмент — средний типоразмер/вариант раздела
Динамометричний інструмент/Динамометричні викрутки зі встановленим моментом затягування/Динамометричні викрутки зі встановленим моментом затягування в Нм для бітів із хвостовиком 4 мм Halfmoon та 4 мм HIOS;05074828001;;Авто-подбор, проверен визуально: штучный инструмент — средний типоразмер/вариант раздела
Динамометричний інструмент/Динамометричні викрутки з варіативним налаштуванням крутного моменту;05074731001;;Родительский раздел: регулируемая динамометрическая отвёртка 1,2-3,0 Нм
Динамометричний інструмент/Динамометричні викрутки з варіативним налаштуванням крутного моменту/Динамометричні регульовані викрутки для бітів із хвостовиком 4 мм Halfmoon та 4 мм HIOS;05074802001;;Авто-подбор, проверен визуально: штучный инструмент — средний типоразмер/вариант раздела
Динамометричний інструмент/Динамометричні викрутки з варіативним налаштуванням крутного моменту/Динамометричні регульовані викрутки зі шкалою в Нм;05074701001;;Авто-подбор, проверен визуально: штучный инструмент — средний типоразмер/вариант раздела
Динамометричний інструмент/Динамометричні викрутки з варіативним налаштуванням крутного моменту/Динамометричні регульовані викрутки зі шкалою дюйм фунт-сила;05074711001;;Авто-подбор, проверен визуально: штучный инструмент — средний типоразмер/вариант раздела
Динамометричний інструмент/Динамометричні викрутки з варіативним налаштуванням крутного моменту/Діелектричні динамометричні регульовані викрутки;05074750001;;Авто-подбор, проверен визуально: штучный инструмент — средний типоразмер/вариант раздела
Динамометричний інструмент/Динамометричні викрутки серії 7500 Kraftform Safe-Torque Speed;05075870001;;Авто-подбор, проверен визуально: штучный инструмент — средний типоразмер/вариант раздела
Динамометричний інструмент/Індикатори крутного моменту;05027931001;;Авто-подбор, проверен визуально: штучный инструмент — средний типоразмер/вариант раздела
Динамометричний інструмент/Набори з динамометричним інструментом;05074738001;;Авто-подбор, проверен визуально: набор — раздел про наборы
Динамометричний інструмент/Серія вставних інструментів;05020176001;;Родительский раздел: насадка-рожковый ключ Joker M 9x12 — самая узнаваемая насадка Wera
Динамометричний інструмент/Серія вставних інструментів/Змінні інструменти «Ріжковий ключ Joker із самоналаштуванням» 14x18 мм;05020171001;;Авто-подбор, проверен визуально: штучный инструмент — средний типоразмер/вариант раздела
Динамометричний інструмент/Серія вставних інструментів/Насадка TORX® 14×18 мм;05078715001;;Авто-подбор, проверен визуально: штучный инструмент — средний типоразмер/вариант раздела
Динамометричний інструмент/Серія вставних інструментів/Насадка TORX® 9x12 мм;05078662001;;Авто-подбор, проверен визуально: штучный инструмент — средний типоразмер/вариант раздела
Динамометричний інструмент/Серія вставних інструментів/Насадка-накидний ключ з прорізом 9×12 мм;05078654001;;Авто-подбор, проверен визуально: штучный инструмент — средний типоразмер/вариант раздела
Динамометричний інструмент/Серія вставних інструментів/Насадка-накидний ключ, 14x18 мм;05078697001;;Авто-подбор, проверен визуально: штучный инструмент — средний типоразмер/вариант раздела
Динамометричний інструмент/Серія вставних інструментів/Насадка-накидний ключ, 9x12 мм;05078626001;;Авто-подбор, проверен визуально: штучный инструмент — средний типоразмер/вариант раздела
Динамометричний інструмент/Серія вставних інструментів/Насадка-ріжковий ключ, 14×18 мм;05078678001;;Авто-подбор, проверен визуально: штучный инструмент — средний типоразмер/вариант раздела
Динамометричний інструмент/Серія вставних інструментів/Насадка-ріжковий ключ, 9x12 мм;05078604001;;Авто-подбор, проверен визуально: штучный инструмент — средний типоразмер/вариант раздела
Динамометричний інструмент/Серія вставних інструментів/Насадки для зварювання;05078721001;;Авто-подбор, проверен визуально: штучный инструмент — средний типоразмер/вариант раздела
Динамометричний інструмент/Серія вставних інструментів/Насадки з перехідним квадратом;05078345001;;Авто-подбор, проверен визуально: штучный инструмент — средний типоразмер/вариант раздела
Динамометричний інструмент/Серія вставних інструментів/Насадки-адаптери;05078666001;;Авто-подбор, проверен визуально: штучный инструмент — средний типоразмер/вариант раздела
Динамометричний інструмент/Серія вставних інструментів/Ручки-воротки X-Power для змінних насадок;05003201001;;Авто-подбор, проверен визуально: штучный инструмент — средний типоразмер/вариант раздела
Динамометричний інструмент/Серія динамометричних ключів Click-Torque для змінних інструментів;05075654001;;Авто-подбор, проверен визуально: штучный инструмент — средний типоразмер/вариант раздела
Динамометричний інструмент/Серія динамометричних ключів Click-Torque з регулюванням моменту затягування, для правого та лівого різьблення;05075693001;;Авто-подбор, проверен визуально: штучный инструмент — средний типоразмер/вариант раздела
Динамометричний інструмент/Серія динамометричних ключів Click-Torque з тріскачкою з реверсом;05075610001;;Авто-подбор, проверен визуально: штучный инструмент — средний типоразмер/вариант раздела
Діелектричні інструменти;05006147001;;Родительский раздел: набор изолированных отвёрток Kraftform 100 VDE на подставке с индикатором напряжения — классика VDE
Діелектричні інструменти/Ізольовані викрутки Kraftform Plus – серія 100 VDE;05105631001;;Родительский раздел: Big Pack 100 VDE — две подставки с VDE-отвёртками (отличается от картинки «Діелектричні інструменти»)
Діелектричні інструменти/Ізольовані викрутки Kraftform Plus – серія 100 VDE/Ізольовані викрутки для гвинтів PlusMinus (Phillips + шліц);05006380001;;Авто-подбор, проверен визуально: штучный инструмент — средний типоразмер/вариант раздела
Діелектричні інструменти/Ізольовані викрутки Kraftform Plus – серія 100 VDE/Ізольовані викрутки для гвинтів PlusMinus (Pozidriv + шліц);05006466001;;Авто-подбор, проверен визуально: штучный инструмент — средний типоразмер/вариант раздела
Діелектричні інструменти/Ізольовані викрутки Kraftform Plus – серія 100 VDE/Ізольовані викрутки TORX, Kraftform Plus – серія 100;05006172001;;Авто-подбор, проверен визуально: штучный инструмент — средний типоразмер/вариант раздела
Діелектричні інструменти/Ізольовані викрутки Kraftform Plus – серія 100 VDE/Набори ізольованих викруток Kraftform Plus – серія 100 VDE;05006148001;;Авто-подбор, проверен визуально: набор — раздел про наборы
Діелектричні інструменти/Ізольовані викрутки Kraftform Plus – серія 100 VDE/Однополюсний індикатор напруги;05005655001;;Авто-подбор, проверен визуально: штучный инструмент — средний типоразмер/вариант раздела
Діелектричні інструменти/Ізольовані викрутки Kraftform Plus – серія 100 VDE/Торцеві ізольовані викрутки для гвинтів із зовнішнім шестигранником, Kraftform Plus – серія 100 VDE;05005325001;;Авто-подбор, проверен визуально: штучный инструмент — средний типоразмер/вариант раздела
Діелектричні інструменти/Ізольовані викрутки Kraftform Plus – серія 100 VDE/Хрестові ізольовані викрутки PH Philips із завуженим робочим кінцем, Kraftform Plus – серія 100;05006450001;;Авто-подбор, проверен визуально: штучный инструмент — средний типоразмер/вариант раздела
Діелектричні інструменти/Ізольовані викрутки Kraftform Plus – серія 100 VDE/Хрестові ізольовані викрутки PH Philips, Kraftform Plus – серія 100;05006154001;;Авто-подбор, проверен визуально: штучный инструмент — средний типоразмер/вариант раздела
Діелектричні інструменти/Ізольовані викрутки Kraftform Plus – серія 100 VDE/Хрестові ізольовані викрутки PZ Pozidriv із завуженим робочим кінцем, Kraftform Plus – серія 100;05006461001;;Авто-подбор, проверен визуально: штучный инструмент — средний типоразмер/вариант раздела
Діелектричні інструменти/Ізольовані викрутки Kraftform Plus – серія 100 VDE/Хрестові ізольовані викрутки PZ Pozidriv, Kraftform Plus – серія 100;05006164001;;Авто-подбор, проверен визуально: штучный инструмент — средний типоразмер/вариант раздела
Діелектричні інструменти/Ізольовані викрутки Kraftform Plus – серія 100 VDE/Чотиригранні ізольовані викрутки, Kraftform Plus – серія 100;05004781001;;Авто-подбор, проверен визуально: штучный инструмент — средний типоразмер/вариант раздела
Діелектричні інструменти/Ізольовані викрутки Kraftform Plus – серія 100 VDE/Шліцеві ізольовані викрутки із завуженим робочим кінцем Kraftform Plus – серія 100 VDE;05006441001;;Авто-подбор, проверен визуально: штучный инструмент — средний типоразмер/вариант раздела
Діелектричні інструменти/Ізольовані викрутки Kraftform Plus – серія 100 VDE/Шліцеві ізольовані викрутки Kraftform Plus – серія 100 VDE;05006121001;;Авто-подбор, проверен визуально: штучный инструмент — средний типоразмер/вариант раздела
Діелектричні інструменти/Ізольовані викрутки Kraftform Plus – серія 1000 VDE;05051587001;;Авто-подбор, проверен визуально: штучный инструмент — средний типоразмер/вариант раздела
Діелектричні інструменти/Ріжковий ключ Joker 6004 із самоналаштуванням та ізоляцією VDE;05020151001;;Авто-подбор, проверен визуально: штучный инструмент — средний типоразмер/вариант раздела
Діелектричні інструменти/Тріскачка Zyklop VDE та приладдя;05004866001;;Родительский раздел: изолированная трещотка Zyklop 8007 A VDE
Діелектричні інструменти/Тріскачка Zyklop VDE та приладдя/Викруткові головки Zyklop, для гвинтів із внутрішніми зубцями, ізольовані, з приводом ⅜ дюйма;05004941001;;Авто-подбор, проверен визуально: штучный инструмент — средний типоразмер/вариант раздела
Діелектричні інструменти/Тріскачка Zyklop VDE та приладдя/Викруткові головки Zyklop, під шестигранник, з фіксуючою функцією, ізольовані, з приводом ¼ дюйма;05005902001;;Авто-подбор, проверен визуально: штучный инструмент — средний типоразмер/вариант раздела
Діелектричні інструменти/Тріскачка Zyklop VDE та приладдя/Викруткові головки Zyklop, під шестигранник, з фіксуючою функцією, ізольовані, з приводом ⅜ дюйма;05004902001;;Авто-подбор, проверен визуально: штучный инструмент — средний типоразмер/вариант раздела
Діелектричні інструменти/Тріскачка Zyklop VDE та приладдя/Викруткові головки Zyklop, TORX з фіксуючою функцією, ізольовані, з приводом ¼ дюйма;05005923001;;Авто-подбор, проверен визуально: штучный инструмент — средний типоразмер/вариант раздела
Діелектричні інструменти/Тріскачка Zyklop VDE та приладдя/Викруткові головки Zyklop, TORX з фіксуючою функцією, ізольовані, з приводом ⅜ дюйма;05004923001;;Авто-подбор, проверен визуально: штучный инструмент — средний типоразмер/вариант раздела
Діелектричні інструменти/Тріскачка Zyklop VDE та приладдя/Набори головок Zyklop, ізольованих, привід ⅜ дюйма;05004930001;;Авто-подбор, проверен визуально: набор — раздел про наборы
Діелектричні інструменти/Тріскачка Zyklop VDE та приладдя/Перехідники ізольовані Zyklop VDE;05024692001;;Авто-подбор, проверен визуально: штучный инструмент — средний типоразмер/вариант раздела
Діелектричні інструменти/Тріскачка Zyklop VDE та приладдя/Подовжувачі ізольовані Zyklop VDE, привід ¼ дюйма;05003301001;;Авто-подбор, проверен визуально: штучный инструмент — средний типоразмер/вариант раздела
Діелектричні інструменти/Тріскачка Zyklop VDE та приладдя/Подовжувачі ізольовані Zyklop VDE, привід ⅜ дюйма;05004965001;;Авто-подбор, проверен визуально: штучный инструмент — средний типоразмер/вариант раздела
Діелектричні інструменти/Тріскачка Zyklop VDE та приладдя/Торцеві ізольовані головки Zyklop VDE, привід ¼ дюйма;05005936001;;Авто-подбор, проверен визуально: штучный инструмент — средний типоразмер/вариант раздела
Діелектричні інструменти/Тріскачка Zyklop VDE та приладдя/Торцеві ізольовані головки Zyklop VDE, привід ⅜ дюйма;05004957001;;Авто-подбор, проверен визуально: штучный инструмент — средний типоразмер/вариант раздела
Діелектричні інструменти/Тріскачка Zyklop VDE та приладдя/Тріскачка Zyklop 8100 SB VDE 1 ізольована, перемикач реверсу, привід ⅜ дюйма;05004966001;;Авто-подбор, проверен визуально: штучный инструмент — средний типоразмер/вариант раздела
Діелектричні інструменти/Тріскачка Zyklop VDE та приладдя/Тріскачки та набори Zyklop VDE, привід ¼ дюйма;05004967001;;Авто-подбор, проверен визуально: набор — раздел про наборы
Діелектричні інструменти/Тріскачка Zyklop VDE та приладдя/Т-подібні ізольовані ручки з тріскачкою 410 i VDE;05005122001;;Авто-подбор, проверен визуально: штучный инструмент — средний типоразмер/вариант раздела
Діелектричні інструменти/Kraftform викрутки нержавіюча сталь, електроізольовані;05022767001;;Родительский раздел: набор изолированных TORX-отвёрток из нержавейки на подставке
Діелектричні інструменти/Kraftform викрутки нержавіюча сталь, електроізольовані/Ізольовані викрутки TORX, нержавіюча сталь;05022763001;;Авто-подбор, проверен визуально: штучный инструмент — средний типоразмер/вариант раздела
Діелектричні інструменти/Kraftform викрутки нержавіюча сталь, електроізольовані/Набори викруток Kraftform нержавіюча сталь, електроізольованих;05022728001;;Авто-подбор, проверен визуально: набор — раздел про наборы
Діелектричні інструменти/Kraftform викрутки нержавіюча сталь, електроізольовані/Хрестові ізольовані викрутки, нержавіюча сталь;05022740001;;Авто-подбор, проверен визуально: штучный инструмент — средний типоразмер/вариант раздела
Діелектричні інструменти/Kraftform викрутки нержавіюча сталь, електроізольовані/Шліцеві ізольовані викрутки, нержавіюча сталь;05022731001;;Авто-подбор, проверен визуально: штучный инструмент — средний типоразмер/вариант раздела
Діелектричні інструменти/Kraftform Kompakt VDE;05006600001;;Родительский раздел: Kraftform Kompakt VDE 7 Universal 1 — ручка со сменными VDE-вставками
Діелектричні інструменти/Kraftform Kompakt VDE/Вставки Kraftform Kompakt VDE для гвинтів із внутрішнім квадратом;05003415001;;Авто-подбор, проверен визуально: штучный инструмент — средний типоразмер/вариант раздела
Діелектричні інструменти/Kraftform Kompakt VDE/Вставки Kraftform Kompakt VDE для гвинтів PlusMinus Phillips + шліц;05003440001;;Авто-подбор, проверен визуально: штучный инструмент — средний типоразмер/вариант раздела
Діелектричні інструменти/Kraftform Kompakt VDE/Вставки Kraftform Kompakt VDE для гвинтів PlusMinus Pozidriv + шліц;05003445001;;Авто-подбор, проверен визуально: штучный инструмент — средний типоразмер/вариант раздела
Діелектричні інструменти/Kraftform Kompakt VDE/Вставки Kraftform Kompakt VDE для гвинтів TORX;05003431001;;Авто-подбор, проверен визуально: штучный инструмент — средний типоразмер/вариант раздела
Діелектричні інструменти/Kraftform Kompakt VDE/Набори зі змінними вставками Kraftform Kompakt VDE;05006608001;;Авто-подбор, проверен визуально: набор — раздел про наборы
Діелектричні інструменти/Kraftform Kompakt VDE/Ручки-тримачі для вставок Kraftform Kompakt VDE;05057481001;;Авто-подбор, проверен визуально: штучный инструмент — средний типоразмер/вариант раздела
Діелектричні інструменти/Kraftform Kompakt VDE/Спеціальні вставки Kraftform Kompakt VDE;05003463001;;Авто-подбор, проверен визуально: штучный инструмент — средний типоразмер/вариант раздела
Діелектричні інструменти/Kraftform Kompakt VDE/Хрестові вставки Philips Kraftform Kompakt VDE;05003410001;;Авто-подбор, проверен визуально: штучный инструмент — средний типоразмер/вариант раздела
Діелектричні інструменти/Kraftform Kompakt VDE/Хрестові вставки Pozidriv Kraftform Kompakt VDE;05003450001;;Авто-подбор, проверен визуально: штучный инструмент — средний типоразмер/вариант раздела
Діелектричні інструменти/Kraftform Kompakt VDE/Шестигранні вставки HEX Kraftform Kompakt VDE;05006520001;;Авто-подбор, проверен визуально: штучный инструмент — средний типоразмер/вариант раздела
Діелектричні інструменти/Kraftform Kompakt VDE/Шліцеві вставки SL Kraftform Kompakt VDE;05003401001;;Авто-подбор, проверен визуально: штучный инструмент — средний типоразмер/вариант раздела
Інструментальний візок та ложементи;05150130001;;Раздел про тележку и ложементы: тележка Tool Rebel 9700 (укомплектованная) — главный товар раздела
Інструменти для велосипедів та електробайків;05004172001;;"Bicycle Set 3 — велосипедный набор Wera; собственные товары раздела — только биты 4-в-1, они плохо показывают тему"
Інструменти серії Kraftform Kompakt;05051040001;;Родительский раздел: Kraftform Kompakt 60 RA — классический набор серии (ручка с трещоткой + сменные стержни)
Інструменти серії Kraftform Kompakt/Набори Kraftform Kompakt;05018110001;;Авто-подбор, проверен визуально: набор — раздел про наборы
Інструменти серії Kraftform Kompakt/Ручки-тримачі;05051272001;;Авто-подбор, проверен визуально: штучный инструмент — средний типоразмер/вариант раздела
Інструменти серії Kraftform Kompakt/Kraftform Kompakt Vario;05002926001;;Авто-подбор, проверен визуально: штучный инструмент — средний типоразмер/вариант раздела
Молотки та приладдя;05000115001;;В разделе один товар — сменные бойки Cellidor для молотка (самого молотка в выгрузке нет)
Новинки і лімітовані серії;05135881001;;"Трещотка Zyklop Speed 8000 B Black Edition — лимитированная серия; рождественский календарь показан только коробкой"
Сумки для інструментів Wera 2go;05004351001;;Раздел про сумки: контейнер Wera 2go 2 с плечевым ремнём — типичная сумка системы 2go
Тріскачки та приладдя Zyklop;05003550001;;"Родительский раздел: трещотка Zyklop Speed 8000 B 3/8"" — самая узнаваемая трещотка серии"
Тріскачки та приладдя Zyklop/Міні-тріскачки Zyklop Mini;05049000001;;Родительский раздел: набор с трещоткой Zyklop Mini 4, битами и головками
Тріскачки та приладдя Zyklop/Міні-тріскачки Zyklop Mini/Головки для тріскачки Zyklop Mini 2;05003669001;;Авто-подбор, проверен визуально: штучный инструмент — средний типоразмер/вариант раздела
Тріскачки та приладдя Zyklop/Міні-тріскачки Zyklop Mini/Набори Zyklop Mini;05135918001;;Авто-подбор, проверен визуально: набор — раздел про наборы
Тріскачки та приладдя Zyklop/Міні-тріскачки Zyklop Mini/Тріскачки Zyklop Mini;05003660001;;Авто-подбор, проверен визуально: штучный инструмент — средний типоразмер/вариант раздела
Тріскачки та приладдя Zyklop/Тріскачка Koloss ½ дюйма;05003692001;;Трещотка Koloss 8002 C — основной товар раздела (вместо цангового патрона из авто-выбора)
Тріскачки та приладдя Zyklop/Тріскачка Zyklop Hybrid, ½ дюйма;05003781001;;Авто-подбор, проверен визуально: штучный инструмент — средний типоразмер/вариант раздела
Тріскачки та приладдя Zyklop/Тріскачки Zyklop ¼ дюйма;05003500001;;"Родительский раздел: трещотка Zyklop Speed 8000 A 1/4"""
Тріскачки та приладдя Zyklop/Тріскачки Zyklop ¼ дюйма/Викруткові головки з шестигранником Zyklop ¼ дюйма;05003338001;;Авто-подбор, проверен визуально: штучный инструмент — средний типоразмер/вариант раздела
Тріскачки та приладдя Zyklop/Тріскачки Zyklop ¼ дюйма/Викруткові головки TORX Zyklop ¼ дюйма;05003368001;;Авто-подбор, проверен визуально: штучный инструмент — средний типоразмер/вариант раздела
Тріскачки та приладдя Zyklop/Тріскачки Zyklop ¼ дюйма/Набори головок Zyklop ¼ дюйма;05003883001;;Авто-подбор, проверен визуально: набор — раздел про наборы
Тріскачки та приладдя Zyklop/Тріскачки Zyklop ¼ дюйма/Набори з тріскачками Zyklop ¼ дюйма;05004017001;;Авто-подбор, проверен визуально: набор — раздел про наборы
Тріскачки та приладдя Zyklop/Тріскачки Zyklop ¼ дюйма/Подовжені торцеві головки Zyklop ¼ дюйма;05004506001;;Авто-подбор, проверен визуально: штучный инструмент — средний типоразмер/вариант раздела
Тріскачки та приладдя Zyklop/Тріскачки Zyklop ¼ дюйма/Приладдя Zyklop ¼ дюйма;05003526001;;Авто-подбор, проверен визуально: штучный инструмент — средний типоразмер/вариант раздела
Тріскачки та приладдя Zyklop/Тріскачки Zyklop ¼ дюйма/Торцеві головки з фіксуючою функцією Zyklop ¼ дюйма;05003723001;;Авто-подбор, проверен визуально: штучный инструмент — средний типоразмер/вариант раздела
Тріскачки та приладдя Zyklop/Тріскачки Zyklop ¼ дюйма/Торцеві головки Zyklop ¼ дюйма;05003512001;;Авто-подбор, проверен визуально: штучный инструмент — средний типоразмер/вариант раздела
Тріскачки та приладдя Zyklop/Тріскачки Zyklop ¼ дюйма/Тріскачки Zyklop, привід ¼ дюйма, поштучно;05004004001;;Авто-подбор, проверен визуально: штучный инструмент — средний типоразмер/вариант раздела
Тріскачки та приладдя Zyklop/Тріскачки Zyklop ¼ дюйма/Хрестові викруткові головки PH Zyklop ¼ дюйма;05003351001;;Авто-подбор, проверен визуально: штучный инструмент — средний типоразмер/вариант раздела
Тріскачки та приладдя Zyklop/Тріскачки Zyklop ¼ дюйма/Хрестові викруткові головки PZ Zyklop ¼ дюйма;05003354001;;Авто-подбор, проверен визуально: штучный инструмент — средний типоразмер/вариант раздела
Тріскачки та приладдя Zyklop/Тріскачки Zyklop ¼ дюйма/Шліцеві викруткові головки Zyklop ¼ дюйма;05003320001;;Авто-подбор, проверен визуально: штучный инструмент — средний типоразмер/вариант раздела
Тріскачки та приладдя Zyklop/Тріскачки Zyklop ½ дюйма;05003600001;;"Родительский раздел: трещотка Zyklop Speed 8000 C 1/2"""
Тріскачки та приладдя Zyklop/Тріскачки Zyklop ½ дюйма/Викруткові головки з шестигранником Zyklop ½ дюйма;05003843001;;Авто-подбор, проверен визуально: штучный инструмент — средний типоразмер/вариант раздела
Тріскачки та приладдя Zyklop/Тріскачки Zyklop ½ дюйма/Викруткові головки TORX Zyklop ½ дюйма;05003834001;;Авто-подбор, проверен визуально: штучный инструмент — средний типоразмер/вариант раздела
Тріскачки та приладдя Zyklop/Тріскачки Zyklop ½ дюйма/Набори головок Zyklop ½ дюйма;05004565001;;Авто-подбор, проверен визуально: набор — раздел про наборы
Тріскачки та приладдя Zyklop/Тріскачки Zyklop ½ дюйма/Набори з тріскачками Zyklop ½ дюйма;05004077001;;Авто-подбор, проверен визуально: набор — раздел про наборы
Тріскачки та приладдя Zyklop/Тріскачки Zyklop ½ дюйма/Подовжені торцеві головки Zyklop ½ дюйма;05004557001;;Авто-подбор, проверен визуально: штучный инструмент — средний типоразмер/вариант раздела
Тріскачки та приладдя Zyklop/Тріскачки Zyklop ½ дюйма/Подовжені ударні торцеві головки Impaktor Zyklop ½ дюйма;05004833001;;Авто-подбор, проверен визуально: штучный инструмент — средний типоразмер/вариант раздела
Тріскачки та приладдя Zyklop/Тріскачки Zyklop ½ дюйма/Приладдя Zyklop ½ дюйма;05003638001;;Авто-подбор, проверен визуально: штучный инструмент — средний типоразмер/вариант раздела
Тріскачки та приладдя Zyklop/Тріскачки Zyklop ½ дюйма/Торцеві головки з фіксуючою функцією Zyklop ½ дюйма;05003734001;;Авто-подбор, проверен визуально: штучный инструмент — средний типоразмер/вариант раздела
Тріскачки та приладдя Zyklop/Тріскачки Zyklop ½ дюйма/Торцеві головки Zyklop ½ дюйма;05003618001;;Авто-подбор, проверен визуально: штучный инструмент — средний типоразмер/вариант раздела
Тріскачки та приладдя Zyklop/Тріскачки Zyklop ½ дюйма/Тріскачки Zyklop, привід ½ дюйма, поштучно;05004064001;;Авто-подбор, проверен визуально: штучный инструмент — средний типоразмер/вариант раздела
Тріскачки та приладдя Zyklop/Тріскачки Zyklop ½ дюйма/Ударні торцеві головки Impaktor Zyklop ½ дюйма;05004574001;;Авто-подбор, проверен визуально: штучный инструмент — средний типоразмер/вариант раздела
Тріскачки та приладдя Zyklop/Тріскачки Zyklop ⅜ дюйма;05005540001;;"Родительский раздел: трещотка Zyklop Comfort 8010 B 3/8"" (8000 B уже у «Тріскачки та приладдя Zyklop»)"
Тріскачки та приладдя Zyklop/Тріскачки Zyklop ⅜ дюйма/Викруткові головки з шестигранником Zyklop ⅜ дюйма;05003091001;;Авто-подбор, проверен визуально: штучный инструмент — средний типоразмер/вариант раздела
Тріскачки та приладдя Zyklop/Тріскачки Zyklop ⅜ дюйма/Викруткові головки TORX Zyklop ⅜ дюйма;05003066001;;Авто-подбор, проверен визуально: штучный инструмент — средний типоразмер/вариант раздела
Тріскачки та приладдя Zyklop/Тріскачки Zyklop ⅜ дюйма/Набори головок Zyklop ⅜ дюйма;05003185001;;Авто-подбор, проверен визуально: набор — раздел про наборы
Тріскачки та приладдя Zyklop/Тріскачки Zyklop ⅜ дюйма/Набори з тріскачками Zyklop ⅜ дюйма;05004047001;;Авто-подбор, проверен визуально: набор — раздел про наборы
Тріскачки та приладдя Zyklop/Тріскачки Zyklop ⅜ дюйма/Подовжені торцеві головки Zyklop ⅜ дюйма;05005556001;;Авто-подбор, проверен визуально: штучный инструмент — средний типоразмер/вариант раздела
Тріскачки та приладдя Zyklop/Тріскачки Zyklop ⅜ дюйма/Приладдя Zyklop ⅜ дюйма;05003583001;;Авто-подбор, проверен визуально: штучный инструмент — средний типоразмер/вариант раздела
Тріскачки та приладдя Zyklop/Тріскачки Zyklop ⅜ дюйма/Торцеві головки з фіксуючою функцією Zyklop ⅜ дюйма;05003746001;;Авто-подбор, проверен визуально: штучный инструмент — средний типоразмер/вариант раздела
Тріскачки та приладдя Zyklop/Тріскачки Zyklop ⅜ дюйма/Торцеві головки Zyklop ⅜ дюйма;05003565001;;Авто-подбор, проверен визуально: штучный инструмент — средний типоразмер/вариант раздела
Тріскачки та приладдя Zyklop/Тріскачки Zyklop ⅜ дюйма/Тріскачки Zyklop, привід ⅜ дюйма, поштучно;05004034001;;Авто-подбор, проверен визуально: штучный инструмент — средний типоразмер/вариант раздела
Тріскачки та приладдя Zyklop/Zyklop Pocket;05004282001;;Авто-подбор, проверен визуально: набор (штучных товаров в разделе нет)
Ударні гвинтоверти;05072014001;;Авто-подбор, проверен визуально: штучный инструмент — средний типоразмер/вариант раздела
