article,ean,weight_g,package_size,country_of_origin
05135880001,4013288234834,180,155x60x30 mm,CZ
05135881001,4013288234841,368,200x60x40 mm,CZ
05135882001,4013288234858,744,270x60x50 mm,CZ
05020017001,4013288234124,1935,305x94x90 mm,CZ
05075693001,4013288233646,592,330x50x50 mm,TW
05075694001,4013288233653,592,330x50x50 mm,TW
05075695001,4013288233660,1600,540x60x60 mm,TW
05020175001,4013288232953,57,58x37x10 mm,CZ
05020176001,4013288233059,98,65x36x13 mm,CZ
05020177001,4013288233066,147,80x44x14 mm,CZ
05020174001,4013288233073,603,130x82x21 mm,CZ
05020350001,4013288233318,102,205x50x30 mm,CZ
05020351001,4013288233325,115,230x50x27 mm,CZ
05020352001,4013288233349,182,265x50x27 mm,CZ
05020353001,4013288233356,349,320x50x30 mm,CZ
05020354001,4013288233332,402,355x50x30 mm,CZ
05020380001,4013288233370,1419,420x80x60 mm,CZ
05020330001,4013288233288,130,155x55x13 mm,CZ
05020331001,4013288233295,372,235x75x30 mm,CZ
05020340001,4013288233301,689,284x98x45 mm,CZ
05051519001,4013288234032,247,153x60x42 mm,CZ
05051520001,4013288234049,311,75x168x54 mm,CZ
05051513001,4013288233981,250,155x60x40 mm,CZ
05051514001,4013288234001,314,168x75x54 mm,CZ
05051515001,4013288234018,311,75x168x54 mm,CZ
05051516001,4013288234025,325,75x168x54 mm,CZ
05049056001,4013288234902,498,190x100x35 mm,CZ
05049070001,4013288235060,691,215x104x57 mm,CZ
05049000001,4013288234230,347,130x100x27 mm,CZ
05049001001,4013288234674,370,128x102x28 mm,CZ
05049003001,4013288234254,125,115x60x25 mm,CZ
05049002001,4013288234247,159,115x75x30 mm,CZ
05049020001,4013288234766,620,155x100x50 mm,CZ
05049025001,4013288234773,607,102x155x48 mm,CZ
05049005001,4013288234681,4,47x16x10 mm,CZ
05049004001,4013288234667,96,100x75x25 mm,CZ
05058119001,4013288234568,3,30x0x0 mm,CZ
05058120001,4013288188687,2,25x7x6 mm,CZ
05058121001,4013288188694,5,25x7x6 mm,CZ
05058122001,4013288234575,3,30x0x0 mm,CZ
05058129001,4013288234629,3,30x0x0 mm,CZ
05058102001,4013288209603,2,30x7x7 mm,CZ
05058130001,4013288189585,2,25x7x6 mm,CZ
05058131001,4013288189592,5,25x7x6 mm,CZ
05058132001,4013288234636,5,30x5x4 mm,CZ
05058133001,4013288234643,1,30x2x2 mm,CZ
05058108001,4013288234537,2,30x5x4 mm,CZ
05058109001,4013288234544,1,30x4x4 mm,CZ
05058110001,4013288189578,5,25x7x6 mm,CZ
05058111001,4013288189615,5,25x7x6 mm,CZ
05058112001,4013288234551,2,30x5x4 mm,CZ
05058140001,4013288234605,1,30x2x2 mm,CZ
05058141001,4013288234612,1,30x2x2 mm,CZ
05058104001,4013288234513,6,30x7x7 mm,CZ
05058101001,4013288189608,2,25x7x6 mm,CZ
05058105001,4013288234520,1,30x5x4 mm,CZ
05051278001,4013288234292,21,80x13x18 mm,CZ
05145100001,4013288234308,38,120x60x25 mm,CZ
05003662001,4013288234650,36,86x23x23 mm,TW
05006632001,4013288234148,1172,238x175x71 mm,CZ
05006633001,4013288234261,1385,211x238x58 mm,CZ
05006610001,4013288234131,1131,252x162x71 mm,CZ
05075870001,4013288233578,249,199x66x36 mm,CZ
05075876001,4013288233585,231,199x66x36 mm,CZ
05005121001,4013288234100,233,185x105x30 mm,CZ
05005122001,4013288234117,233,185x105x30 mm,CZ
05006642001,4013288234155,40,150x12x12 mm,CZ
05073702001,4013288234162,50,230x60x12 mm,CZ
05005930001,4013288233806,24,153x120x18 mm,TW
05005931001,4013288233813,24,153x120x18 mm,TW
05005932001,4013288233820,24,153x120x18 mm,TW
05005933001,4013288233837,24,153x120x18 mm,TW
05005934001,4013288233844,26,153x120x18 mm,TW
05005935001,4013288233851,26,150x120x18 mm,TW
05005936001,4013288233868,30,153x120x19 mm,TW
05005937001,4013288233875,34,153x120x21 mm,TW
05005938001,4013288233882,34,153x120x22 mm,TW
05005939001,4013288233899,36,153x120x23 mm,TW
05005940001,4013288233905,40,153x120x24 mm,TW
05005900001,4013288233684,26,153x120x18 mm,CZ
05005901001,4013288233691,28,153x120x18 mm,CZ
05005902001,4013288233707,28,153x120x18 mm,CZ
05005903001,4013288233714,28,153x120x18 mm,CZ
05005904001,4013288233721,30,160x120x18 mm,CZ
05005920001,4013288233738,28,153x120x18 mm,CZ
05005921001,4013288233745,28,160x120x18 mm,CZ
05005922001,4013288233752,28,153x120x18 mm,CZ
05005923001,4013288233769,28,153x120x18 mm,CZ
05005924001,4013288233776,28,160x120x18 mm,CZ
05005925001,4013288233783,28,153x120x18 mm,CZ
05005926001,4013288233790,28,153x120x18 mm,CZ
05005950001,4013288233677,46,153x120x18 mm,TW
05005550001,4013288233080,67,130x45x21 mm,TW
05005551001,4013288233097,80,130x45x23 mm,TW
05005552001,4013288233103,88,130x45x23 mm,TW
05005553001,4013288233110,84,130x45x21 mm,TW
05005554001,4013288233127,106,130x45x21 mm,TW
05005555001,4013288233134,112,130x45x23 mm,TW
05005556001,4013288233141,114,130x45x21 mm,TW
05005557001,4013288233158,120,130x45x23 mm,TW
05005558001,4013288233165,126,130x45x25 mm,TW
05005559001,4013288233172,132,130x45x27 mm,TW
05005560001,4013288233189,160,130x45x23 mm,TW
05005561001,4013288233196,178,130x45x30 mm,TW
05005562001,4013288233202,204,130x45x32 mm,TW
05005563001,4013288233219,224,130x45x23 mm,TW
05005564001,4013288233394,66,132x44x19 mm,TW
05005565001,4013288233400,69,132x44x19 mm,TW
05005566001,4013288233417,83,132x44x19 mm,TW
05005567001,4013288233424,93,132x44x19 mm,TW
05005568001,4013288233431,108,132x44x19 mm,TW
05005569001,4013288233448,125,132x44x22 mm,TW
05005570001,4013288233486,127,132x44x24 mm,TW
05005571001,4013288233493,133,132x44x25 mm,TW
05005572001,4013288233509,165,132x44x28 mm,TW
05005573001,4013288233516,184,132x44x30 mm,TW
05005574001,4013288233523,203,132x44x32 mm,TW
05005575001,4013288233530,247,132x44x34 mm,TW
05005576001,4013288233592,280,132x44x36 mm,TW
05005590001,4013288233554,1650,380x90x40 mm,TW
05005591001,4013288233561,1130,380x90x35 mm,TW
05005580001,4013288233639,2094,100x243x85 mm,TW
05005581001,4013288233912,2126,100x243x85 mm,TW
05007905001,4013288222770,73,185x39x39 mm,CZ
05007906001,4013288222695,101,205x39x39 mm,CZ
05007907001,4013288222701,102,255x39x38 mm,CZ
05007908001,4013288222718,138,255x39x38 mm,CZ
05007910001,4013288222725,91,205x39x39 mm,CZ
05007900001,4013288222671,89,205x39x39 mm,CZ
05007901001,4013288222688,100,255x39x39 mm,CZ
