article,source,source_file,source_resolution,result_resolution,file,status
05006635001,pdf,pdf-xref41.jpeg,1000x710,1200x1200,wera-05006635001-kraftform-kompakt-vde-safe-torque-speed-schaltschrank-set-basic-2.jpg,ok
05006620001,pdf,pdf-xref53.jpeg,710x1000,1200x1200,wera-05006620001-kraftform-kompakt-vde-go-ra-1.jpg,ok
05006621001,pdf,pdf-xref37.jpeg,710x1000,1200x1200,wera-05006621001-kraftform-kompakt-vde-go-ra-2.jpg,ok
05006622001,pdf,pdf-xref37.jpeg,708x1000,1200x1200,wera-05006622001-kraftform-kompakt-vde-go-ra-3.jpg,ok
05135021001,pdf,pdf-xref34.jpeg,1000x770,1200x1200,wera-05135021001-kraftform-kompakt-zyklop-mini-2-set-1.jpg,ok
05133287001,pdf,pdf-xref36.jpeg,1000x181,1200x1200,wera-05133287001-big-pack-multicolour-winkelschluessel-hex-plus-torx-set-1.jpg,ok
05133286001,pdf,pdf-xref34.jpeg,1000x181,1200x1200,wera-05133286001-big-pack-multicolour-winkelschluessel-hex-plus-set-1.jpg,ok
05072018001,pdf,pdf-xref35.jpeg,1000x724,1200x1200,wera-05072018001-2090-16-impaktor-1.jpg,ok
05105100001,pdf,pdf-xref41.jpeg,1000x756,1200x1200,wera-05105100001-9559.jpg,ok
05020178001,pdf,pdf-xref30.jpeg,1000x784,1200x1200,wera-05020178001-7880-joker-4xl.jpg,ok
05136062001,pdf,pdf-xref35.jpeg,756x1000,1200x1200,wera-05136062001-9558.jpg,ok
05305851001,pdf,pdf-xref30.jpeg,728x1000,1200x1200,wera-05305851001-9800.jpg,ok
05501880001,pdf,pdf-xref30.jpeg,728x1000,1200x1200,wera-05501880001-9805.jpg,ok
05501881001,pdf,pdf-xref30.jpeg,911x1000,1200x1200,wera-05501881001-9801.jpg,ok
05150131001,pdf,pdf-xref41.jpeg,911x1000,1200x1200,wera-05150131001-9701.jpg,ok
05150132001,pdf,pdf-xref42.jpeg,911x1000,1200x1200,wera-05150132001-9702.jpg,ok
05150135001,pdf,pdf-xref38.jpeg,728x1000,1200x1200,wera-05150135001-9705.jpg,ok
05150136001,pdf,pdf-xref39.jpeg,728x1000,1200x1200,wera-05150136001-9706.jpg,ok
05150127001,pdf,pdf-xref36.jpeg,1000x970,1200x1200,wera-05150127001-9717.jpg,ok
05150128001,pdf,pdf-xref36.jpeg,1000x970,1200x1200,wera-05150128001-9718.jpg,ok
05150129001,pdf,pdf-xref37.jpeg,1000x970,1200x1200,wera-05150129001-9719.jpg,ok
05150133001,pdf,pdf-xref35.jpeg,1000x970,1200x1200,wera-05150133001-97110.jpg,ok
05150134001,pdf,pdf-xref37.jpeg,1000x970,1200x1200,wera-05150134001-97111.jpg,ok
05150170001,pdf,pdf-xref35.jpeg,1000x970,1200x1200,wera-05150170001-97112.jpg,ok
05150171001,pdf,pdf-xref35.jpeg,1000x970,1200x1200,wera-05150171001-97113.jpg,ok
05150117001,pdf,pdf-xref45.jpeg,1000x970,1200x1200,wera-05150117001-9727.jpg,ok
05150118001,pdf,pdf-xref33.jpeg,1000x970,1200x1200,wera-05150118001-9728.jpg,ok
05150125001,pdf,pdf-xref32.jpeg,1000x786,1200x1200,wera-05150125001-9735.jpg,ok
05150153001,pdf,pdf-xref63.jpeg,1000x786,1200x1200,wera-05150153001-9753.jpg,ok
05150107001,pdf,pdf-xref39.jpeg,1000x970,1200x1200,wera-05150107001-9716.jpg,ok
05150160001,pdf,pdf-xref41.jpeg,1000x786,1200x1200,wera-05150160001-9760.jpg,ok
05137170001,pdf,pdf-xref28.jpeg,1000x970,1200x1200,wera-05137170001-98112.jpg,ok
05137171001,pdf,pdf-xref28.jpeg,1000x970,1200x1200,wera-05137171001-98113.jpg,ok
05137327001,pdf,pdf-xref28.jpeg,1000x970,1200x1200,wera-05137327001-9817.jpg,ok
05137328001,pdf,pdf-xref28.jpeg,1000x970,1200x1200,wera-05137328001-9818.jpg,ok
05137329001,pdf,pdf-xref28.jpeg,1000x970,1200x1200,wera-05137329001-9819.jpg,ok
05137133001,pdf,pdf-xref28.jpeg,1000x970,1200x1200,wera-05137133001-98110.jpg,ok
05137134001,pdf,pdf-xref28.jpeg,1000x970,1200x1200,wera-05137134001-98111.jpg,ok
05137316001,pdf,pdf-xref28.jpeg,1000x970,1200x1200,wera-05137316001-9827.jpg,ok
05137317001,pdf,pdf-xref28.jpeg,1000x970,1200x1200,wera-05137317001-9828.jpg,ok
05137335001,pdf,pdf-xref28.jpeg,1000x786,1200x1200,wera-05137335001-9835.jpg,ok
05137353001,pdf,pdf-xref28.jpeg,1000x786,1200x1200,wera-05137353001-9853.jpg,ok
05137318001,pdf,pdf-xref28.jpeg,1000x970,1200x1200,wera-05137318001-9816.jpg,ok
05137360001,pdf,pdf-xref28.jpeg,1000x786,1200x1200,wera-05137360001-9860.jpg,ok
05136423001,pdf,pdf-xref28.jpeg,369x1000,1200x1200,wera-05136423001-9594.jpg,ok
05136429001,pdf,pdf-xref28.jpeg,1000x720,1200x1200,wera-05136429001-9592.jpg,ok
05136428001,pdf,pdf-xref28.jpeg,1000x770,1200x1200,wera-05136428001-9596.jpg,ok
05136427001,pdf,pdf-xref28.jpeg,1000x722,1200x1200,wera-05136427001-9595.jpg,ok
05136431001,pdf,pdf-xref28.jpeg,1000x712,1200x1200,wera-05136431001-9598.jpg,ok
05136430001,pdf,pdf-xref28.jpeg,1000x712,1200x1200,wera-05136430001-9597.jpg,ok
05136432001,pdf,pdf-xref28.jpeg,1000x637,1200x1200,wera-05136432001-9593.jpg,ok
05136499001,pdf,pdf-xref28.jpeg,1000x683,1200x1200,wera-05136499001-9582.jpg,ok
05136415001,pdf,pdf-xref28.jpeg,1000x680,1200x1200,wera-05136415001-9583.jpg,ok
05136418001,pdf,pdf-xref28.jpeg,1000x705,1200x1200,wera-05136418001-9589.jpg,ok
05136419001,pdf,pdf-xref28.jpeg,1000x695,1200x1200,wera-05136419001-9591.jpg,ok
05136568001,pdf,pdf-xref28.jpeg,1000x849,1200x1200,wera-05136568001-9581.jpg,ok
05136416001,pdf,pdf-xref28.jpeg,1000x604,1200x1200,wera-05136416001-9584.jpg,ok
05136417001,pdf,pdf-xref28.jpeg,1000x923,1200x1200,wera-05136417001-9585.jpg,ok
05136052001,pdf,pdf-xref28.jpeg,1000x736,1200x1200,wera-05136052001-9588.jpg,ok
05136558001,pdf,pdf-xref28.jpeg,1000x903,1200x1200,wera-05136558001-9586.jpg,ok
05135824001,pdf,pdf-xref30.jpeg,1000x821,1200x1200,wera-05135824001-thekendisplay-bit-check-30-christmas-2026.jpg,ok
05135825001,pdf,pdf-xref30.jpeg,1000x814,1200x1200,wera-05135825001-thekendisplay-tool-card-hex-plus-christmas-2026.jpg,ok
05135826001,pdf,pdf-xref30.jpeg,1000x824,1200x1200,wera-05135826001-thekendisplay-schraubendreher-mix-christmas-2026.jpg,ok
05136078001,pdf,pdf-xref36.jpeg,782x1000,1200x1200,wera-05136078001-932-917-5-joker-6002.jpg,ok
05136079001,pdf,pdf-xref36.jpeg,782x1000,1200x1200,wera-05136079001-932-918-5-joker-6002.jpg,ok
05005600001,pdf,pdf-xref29.jpeg,1000x189,1200x1200,wera-05005600001-8010-a.jpg,ok
05004022001,pdf,pdf-xref37.jpeg,1000x742,1200x1200,wera-05004022001-8100-sa-13.jpg,ok
05005541001,pdf,pdf-xref48.jpeg,1000x736,1200x1200,wera-05005541001-8100-sa-14.jpg,ok
05005542001,pdf,pdf-xref47.jpeg,1000x736,1200x1200,wera-05005542001-8100-sa-15.jpg,ok
05004866001,pdf,pdf-xref29.jpeg,1000x189,1200x1200,wera-05004866001-8007-a-vde.jpg,ok
05004967001,pdf,pdf-xref39.jpeg,1000x724,1200x1200,wera-05004967001-8100-sa-vde-1.jpg,ok
05024690001,pdf,pdf-xref29.jpeg,1000x322,1200x1200,wera-05024690001-781-a-b-vde.jpg,ok
05024692001,pdf,pdf-xref29.jpeg,1000x348,1200x1200,wera-05024692001-781-b-a-vde.jpg,ok
05003301001,pdf,pdf-xref29.jpeg,1000x108,1200x1200,wera-05003301001-8794-la-vde.jpg,ok
05005929001,pdf,pdf-xref29.jpeg,1000x439,1200x1200,wera-05005929001-8790-a-vde.jpg,ok
05020332001,pdf,pdf-xref28.jpeg,1000x224,1200x1200,wera-05020332001-6006-joker-s-l.jpg,ok
05020111001,pdf,pdf-xref36.jpeg,1000x705,1200x1200,wera-05020111001-6004-joker-6-set-1.jpg,ok
05343820001,pdf,pdf-xref32.jpeg,1000x695,1200x1200,wera-05343820001-6004-joker-2-set-1.jpg,ok
05020355001,pdf,pdf-xref30.jpeg,1000x119,1200x1200,wera-05020355001-6007-joker.jpg,ok
05020356001,pdf,pdf-xref30.jpeg,1000x120,1200x1200,wera-05020356001-6007-joker.jpg,ok
05020357001,pdf,pdf-xref30.jpeg,1000x127,1200x1200,wera-05020357001-6007-joker.jpg,ok
05020358001,pdf,pdf-xref30.jpeg,1000x127,1200x1200,wera-05020358001-6007-joker.jpg,ok
05020359001,pdf,pdf-xref30.jpeg,1000x128,1200x1200,wera-05020359001-6007-joker.jpg,ok
05020360001,pdf,pdf-xref30.jpeg,1000x128,1200x1200,wera-05020360001-6007-joker.jpg,ok
05020361001,pdf,pdf-xref30.jpeg,1000x118,1200x1200,wera-05020361001-6007-joker-inch.jpg,ok
05020362001,pdf,pdf-xref30.jpeg,1000x115,1200x1200,wera-05020362001-6007-joker-inch.jpg,ok
05020363001,pdf,pdf-xref30.jpeg,1000x119,1200x1200,wera-05020363001-6007-joker-inch.jpg,ok
05020364001,pdf,pdf-xref30.jpeg,1000x120,1200x1200,wera-05020364001-6007-joker-inch.jpg,ok
05020365001,pdf,pdf-xref30.jpeg,1000x127,1200x1200,wera-05020365001-6007-joker-inch.jpg,ok
05020366001,pdf,pdf-xref30.jpeg,1000x128,1200x1200,wera-05020366001-6007-joker-inch.jpg,ok
05020367001,pdf,pdf-xref30.jpeg,1000x128,1200x1200,wera-05020367001-6007-joker-inch.jpg,ok
05020368001,pdf,pdf-xref30.jpeg,1000x128,1200x1200,wera-05020368001-6007-joker-inch.jpg,ok
05020382001,pdf,pdf-xref31.jpeg,1000x680,1200x1200,wera-05020382001-6007-joker-11-set-1.jpg,ok
05020385001,pdf,pdf-xref33.jpeg,1000x683,1200x1200,wera-05020385001-6007-joker-imperial-8-set-1.jpg,ok
05003200001,pdf,pdf-xref28.jpeg,1000x823,1200x1200,wera-05003200001-9998.jpg,ok
05003201001,pdf,pdf-xref28.jpeg,1000x820,1200x1200,wera-05003201001-9999.jpg,ok
05075790001,pdf,pdf-xref35.jpeg,1000x767,1200x1200,wera-05075790001-click-torque-lock-c-3-set-1.jpg,ok
05091103001,pdf,pdf-xref29.jpeg,1000x144,1200x1200,wera-05091103001-893-1-1.jpg,ok
